Албания	AL	Европа	Есть	1028762	Крутится
Австрия	AT	Европа	Есть	4613422	Крутится
Босния	BA	Европа	Есть	1725151	Крутится
Германия	DE	Европа	Есть	42400042	Крутится
Эстония	EE	Европа	Есть	676020	Свободно
Латвия	LV	Европа	Есть	929928	Свободно
Черногория	ME	Европа	Есть	296334	Крутится
Македония	MK	Европа	Есть	901130	Крутится
Чехия	CZ	Европа	Есть	5625580	Крутится
Хорватия	HR	Европа	Есть	2058557	Крутится
Ливан	LB	Ближний Восток	Есть	2086281	Крутится
Литва	LT	Европа	Есть	1407409	Свободно
Сербия	RS	Европа	Есть	3467789	Крутится
Словения	SI	Европа	Есть	1122081	Крутится
Турция	TR	Европа/Азия	Есть	34310337	Крутится
Греция	GR	Европа	Нет	5567460	Крутится
Кипр	CY	Европа	Нет	627486	Крутится
Польша	PL	Европа	Нет	18807956	Крутится
Италия	IT	Европа	Нет	31815056	Крутится
Словакия	SK	Европа	Нет	2784310	Свободно
Косово	XK	Европа	Нет	611497	Свободно
Венгрия	HU	Европа	Нет	4902120	Свободно
Румыния	RO	Европа	Нет	9692356	Свободно
Молдова	MD	Европа	Нет	1106757	Свободно
Болгария	BG	Европа	Нет	3427514	Свободно
Швейцария	CH	Европа	Нет	4504358	Свободно
Люксембург	LU	Европа	Нет	320823	Свободно
Бельгия	BE	Европа	Нет	5729614	Свободно
Нидерланды	NL	Европа	Нет	8649909	Свободно
Франция	FR	Европа	Нет	32671364	Свободно
Испания	ES	Европа	Нет	26392903	Свободно
Португалия	PT	Европа	Нет	5766759	Свободно
Ирландия	IE	Европа	Нет	2522359	Свободно
Великобритания	GB	Европа	Нет	31990973	Свободно
Мальта	MT	Европа	Нет	280363	Свободно
Дания	DK	Европа	Нет	2809306	Свободно
Швеция	SE	Европа	Нет	4810509	Свободно
Норвегия	NO	Европа	Нет	2592059	Свободно
Финляндия	FI	Европа	Нет	2777385	Свободно
Украина	UA	Европа	Нет	19616095	Свободно
Грузия	GE	Кавказ	Нет	1739342	Свободно
Армения	AM	Кавказ	Нет	1353655	Свободно
Азербайджан	AZ	Кавказ	Нет	4023244	Свободно
Казахстан	KZ	СНГ	Нет	7252039	Свободно
Узбекистан	UZ	СНГ	Нет	11045490	Свободно
Колумбия	CO	Латам	Нет	20367446	Крутится
Эквадор	EC	Латам	Нет	6076967	Крутится
Парагвай	PY	Латам	Нет	2062535	Крутится
Уругвай	UY	Латам	Нет	1412922	Крутится
Сальвадор	SV	Латам	Нет	1957274	Крутится
Мексика	MX	Латам	Нет	45105469	Свободно
Перу	PE	Латам	Нет	11850750	Свободно
Чили	CL	Латам	Нет	8618975	Свободно
Аргентина	AR	Латам	Нет	17515038	Свободно
Венесуэла	VE	Латам	Нет	10396931	Свободно
Гватемала	GT	Латам	Нет	4371044	Свободно
Боливия	BO	Латам	Нет	3425996	Свободно
Коста-Рика	CR	Латам	Нет	2116942	Свободно
Панама	PA	Латам	Нет	1614976	Свободно
Доминикана	DO	Латам	Нет	3767214	Свободно
Гондурас	HN	Латам	Нет	2789259	Свободно
Никарагуа	NI	Латам	Нет	1966194	Свободно
Бразилия	BR	Латам	Нет	88180829	Свободно
США	US	Бурж	Нет	154229828	Свободно
Канада	CA	Бурж	Нет	19698048	Свободно
Австралия	AU	Бурж	Нет	12223831	Свободно
Новая Зеландия	NZ	Бурж	Нет	2345758	Свободно
Ирак	IQ	Ближний Восток	Нет	10306933	Крутится
Саудовская Аравия	SA	Ближний Восток	Нет	10469053	Свободно
ОАЭ	AE	Ближний Восток	Нет	3260749	Свободно
Кувейт	KW	Ближний Восток	Нет	1900801	Свободно
Катар	QA	Ближний Восток	Нет	953777	Свободно
Оман	OM	Ближний Восток	Нет	1442422	Свободно
Бахрейн	BH	Ближний Восток	Нет	550770	Свободно
Иордания	JO	Ближний Восток	Нет	3148269	Свободно
Палестина	PS	Ближний Восток	Нет	1101816	Свободно
Израиль	IL	Ближний Восток	Нет	3523875	Свободно
Египет	EG	Африка	Нет	33219647	Свободно
Марокко	MA	Африка	Нет	13495331	Свободно
Алжир	DZ	Африка	Нет	15887684	Свободно
Тунис	TN	Африка	Нет	4855571	Свободно
Ливия	LY	Африка	Нет	2477852	Свободно
ЮАР	ZA	Африка	Нет	20114067	Свободно
Нигерия	NG	Африка	Нет	44512698	Свободно
Кения	KE	Африка	Нет	11358963	Свободно
Бангладеш	BD	Азия	Нет	50676376	Крутится
Индия	IN	Азия	Нет	478597071	Свободно
Пакистан	PK	Азия	Нет	56004106	Свободно
Филиппины	PH	Азия	Нет	33879774	Свободно
Сингапур	SG	Азия	Нет	2605133	Свободно
Малайзия	MY	Азия	Нет	12488505	Свободно
Индонезия	ID	Азия	Нет	103778709	Свободно
Таиланд	TH	Азия	Нет	34963369	Свободно
Вьетнам	VN	Азия	Нет	39612512	Свободно
